file_name,extension,bytes,modified_at_utc,sha256,pressure_marker_occurrences,byte_duplicate_file_count,byte_duplicate_primary,is_byte_duplicate
logs.1776749980268.json,.json,674111,2026-04-21T05:39:41.071714+00:00,2d7aef06e418b5dcd9c1b818da8f4a2ee30bd4230c76457071a7221d96fd84dc,0,1,logs.1776749980268.json,False
logs.1776750710458.json,.json,397879,2026-04-21T05:51:51.034334+00:00,a61d87d48b33fa2a592534001625fc68b9eeb7d99c04eacc6a19cfeb98080979,0,1,logs.1776750710458.json,False
logs.1776751374144.json,.json,444931,2026-04-21T06:02:54.737049+00:00,17582de606f4c4ef4168e110d15263f64a818db950d82a10f20bcc3db4426f29,0,1,logs.1776751374144.json,False
logs.1776765877181.json,.json,499071,2026-04-21T10:04:41.796553+00:00,407b4a4ad97c018acc2ad5afd37d0709c5ad25a5df5d1cabb53727d3e7acb941,0,1,logs.1776765877181.json,False
logs.1776770036034.json,.json,539168,2026-04-21T11:13:57.146337+00:00,de161b8244d11d9c303f9d9058b912a207d883e8b66d9fe82f9f498a5c63f6e9,0,1,logs.1776770036034.json,False
logs.1776773665789.json,.json,64440,2026-04-21T12:14:26.359431+00:00,0f184eeb1fed2c3e79adf82e783b486fe732b0ae430d9a0a7057c226f2909fd4,0,1,logs.1776773665789.json,False
logs.1776776642002.json,.json,558720,2026-04-21T13:04:02.703709+00:00,c0125e675321a0b7c794d5e6864101ce632f4061babb1f56c67c1c28f3be3437,0,1,logs.1776776642002.json,False
logs.1776779978741.json,.json,671563,2026-04-21T13:59:39.901497+00:00,cb2943dd75d091ade5b3d34b4d51e5c4bd73395570a4c3d8d09b80e59e09c6f1,0,1,logs.1776779978741.json,False
logs.1776781832067.json,.json,310924,2026-04-21T14:30:32.555653+00:00,97e55f36f0ff19369eb1260ce05d594c2cb2a9ea50e94792b31f9b37d83d13c3,0,1,logs.1776781832067.json,False
logs.1776785216082.json,.json,407610,2026-04-21T15:26:57.346085+00:00,7dc2653dbc76fe3875155cc9bb6d2441d710e705f3d1579ce2eddcaee7a81eab,0,1,logs.1776785216082.json,False
logs.1776831884452.json,.json,640313,2026-04-22T04:24:45.035593+00:00,da8b0b2d3d57a4b5aa8a0709597a5abc469a17256f3688b24756d397080c53ab,0,1,logs.1776831884452.json,False
logs.1776846428697.json,.json,869300,2026-04-22T08:27:09.394647+00:00,d008aa1b730059066483dd6497d3699387657b9d842f6eb4f5878e0fc7394bdd,0,1,logs.1776846428697.json,False
logs.1776846439693.json,.json,377597,2026-04-22T08:27:20.133458+00:00,1bdcd06bf2e3aee7915adb62367d389f4416fff38c51176fb358fa7db0c461eb,0,1,logs.1776846439693.json,False
logs.1776884094035.json,.json,1199466,2026-04-22T18:54:54.844822+00:00,425a20aef2a2523598a9a18f79a8f191bd401a4ffc5f6b3f3f7f18ef0e86fe1d,0,1,logs.1776884094035.json,False
logs.1776922771892.json,.json,61959,2026-04-23T05:39:34.008107+00:00,7e317de6cb38599c962e897492532687cfca1b56edd2dc35c8b299b8d0d25766,0,1,logs.1776922771892.json,False
logs.1776932093210.json,.json,656922,2026-04-23T08:14:54.011092+00:00,dc394c56d585f226f0f707f9e30b40017bcacb655e6a1592adf331e410642609,0,1,logs.1776932093210.json,False
logs.1777135164877 (1).csv,.csv,8144730,2026-04-29T13:01:00.039579+00:00,a180707db90f85c1e6de5dc8de89b41ebecc76b310d21e6b1558a6ffd5af437f,0,2,logs.1777135164877 (1).csv,False
logs.1777135164877.csv,.csv,8144730,2026-04-25T16:39:25.757838+00:00,a180707db90f85c1e6de5dc8de89b41ebecc76b310d21e6b1558a6ffd5af437f,0,2,logs.1777135164877 (1).csv,True
logs.1777141249825.json,.json,1430439,2026-04-25T18:20:50.387796+00:00,be8e50e3a387ee7f6d2f44e60ab5cbd19c9e04f7f5c2abaf4664491233a88118,0,1,logs.1777141249825.json,False
logs.1777148901381.csv,.csv,285756,2026-04-25T20:28:22.111906+00:00,07a4dc598c1ca3d14d0a129847f91e2fe6ed2917432dfb76b8d75210855da8d8,0,1,logs.1777148901381.csv,False
logs.1777154273719.json,.json,126872,2026-04-25T21:57:54.111969+00:00,bf3e411e568be9a8a09f58b550fe7985098d215106be57452918427db9fa04ce,0,1,logs.1777154273719.json,False
logs.1777154557674.json,.json,310207,2026-04-25T22:02:38.093987+00:00,67d89ee68de94c8ee1df653802258e36270c5012163445598cb8e1c1008d06cf,0,1,logs.1777154557674.json,False
logs.1777156629516.csv,.csv,185634,2026-04-25T22:37:09.817534+00:00,ad8aa7ed6ffff1a30b9f673ce293064fe8ef3fc8bfc7cad77794dba255808461,0,1,logs.1777156629516.csv,False
logs.1777163393267.csv,.csv,407449,2026-04-26T00:29:53.839731+00:00,699f7e49aae5b91f063a63f7357852256e9f86c4a7e8fd886e7fe4f1876a599f,0,1,logs.1777163393267.csv,False
logs.1777164806512.csv,.csv,201507,2026-04-26T00:53:26.919915+00:00,b5405e98926a2d179a09f2ee2f84a731db3e565ea57f29158422469af77e7abf,0,1,logs.1777164806512.csv,False
logs.1777167507417.csv,.csv,705511,2026-04-26T01:38:27.755986+00:00,eee3131c52612ac6b3df83f9b404f36879531b60d2b263b5c74a283856f26649,0,1,logs.1777167507417.csv,False
logs.1777176429163.json,.json,439440,2026-04-26T04:07:09.682494+00:00,9e80e6a7b73aa182686ff7ac3127baec1af2bd4e407487af0d0e902ce0386664,0,1,logs.1777176429163.json,False
logs.1777271994229.csv,.csv,5838,2026-04-27T06:39:56.803349+00:00,4df047b66c3d9bd1f459c8ff68e4de2af668a4d4b24dea3babdad737c9704893,0,1,logs.1777271994229.csv,False
logs.1777273731841.json,.json,427338,2026-04-27T07:08:52.359065+00:00,75a255fa962036556c3bdfd4b9079dec83bfa45e16e910cfe8d09b2971176182,0,1,logs.1777273731841.json,False
logs.1777286378028.json,.json,55580,2026-04-27T10:39:38.496309+00:00,3eac0ad440df63a2d732adfb914a16eef36c9874c1f745ae0c77ded68a9aa3ff,0,1,logs.1777286378028.json,False
logs.1777295710681.json,.json,8482,2026-04-27T13:15:11.198853+00:00,39068b9cf54880d572509b679305831faf694c91280606bd4b90b688a680a697,0,1,logs.1777295710681.json,False
logs.1777378822761.csv,.csv,207205,2026-04-28T12:20:23.488588+00:00,ae6cac770b0ecc824a944560063b0d8d6a8f716fec2d9b991716ea185cd16285,0,1,logs.1777378822761.csv,False
logs.1777400932369.csv,.csv,13880,2026-04-28T18:28:52.865643+00:00,3b55193577e3faf591416d0cb9681d4eeb17a299335cc61a8524e0c27529159e,0,1,logs.1777400932369.csv,False
logs.1777544999114.json,.json,439440,2026-04-30T10:29:59.775070+00:00,3497561ba2ad73ebf37146799c7f304306181caf97ac769fc60f9cd8a85e1fbd,0,1,logs.1777544999114.json,False
logs.1777611066781.csv,.csv,84698,2026-05-01T04:51:07.450866+00:00,366b9112ebef3492d3b316eb40764cfc8aa571b452c186872e34521ce59fb1e3,0,1,logs.1777611066781.csv,False
logs.1777644156365.csv,.csv,407449,2026-05-01T14:02:36.809558+00:00,3375f9ae4f8543c18564596c6b156a53dc68f7151ec393a84e426be37d53479c,0,1,logs.1777644156365.csv,False
logs.1777661104347.csv,.csv,1628821,2026-05-01T18:45:04.741529+00:00,c47dba44032dc6232e202dd626036ce677610ee7c0e8de9e195c76f85de9a049,0,1,logs.1777661104347.csv,False
logs.1777866836810.csv,.csv,4112,2026-05-04T03:53:57.511021+00:00,387a4effb011a5eedf1cae85a5b180a77a79d9003005ba021a13d3199f828a61,0,1,logs.1777866836810.csv,False
logs.1777875939420.csv,.csv,210054,2026-05-04T06:25:39.883274+00:00,96d8ded6470e82e4d411156ad59fe600f68700ca3f91cc971bd65dc91ad7824e,0,1,logs.1777875939420.csv,False
logs.1777878108688.csv,.csv,19171,2026-05-04T07:01:49.044326+00:00,e71cb69ab6e180103be07680f1b1b247522fe791f51d326849f4165751678fc9,0,1,logs.1777878108688.csv,False
logs.1777908735144.csv,.csv,407449,2026-05-04T15:32:15.612350+00:00,2fd6269d6c64c1ebbee3772d746973604fc945b1e3f8b32bb61bbbb2cfd41ca8,0,1,logs.1777908735144.csv,False
logs.1777946492943.csv,.csv,411926,2026-05-05T02:01:33.598210+00:00,313f18b44061085b33f0508f463bbe357e29add8b4c6eda5decad729432256b7,0,1,logs.1777946492943.csv,False
logs.1777949343693.csv,.csv,456414,2026-05-05T02:49:04.103948+00:00,4f4fa0949f13a83534698ac3307efadd96588d26261f877ccda3a886262ada5c,0,1,logs.1777949343693.csv,False
logs.1778020814825.csv,.csv,407449,2026-05-05T22:40:15.728417+00:00,1e2608a4ada76872ec8b6b2640fba7f12ddd5ec3e44639b4e79c2c19e80295bd,0,1,logs.1778020814825.csv,False
logs.1778044336913.csv,.csv,483100,2026-05-06T05:12:17.775844+00:00,9c5d664304c82d711281ba739fd3197cf7cf4f82a641ee988fc695aee316a8ec,0,1,logs.1778044336913.csv,False
logs.1778044765585.csv,.csv,487518,2026-05-06T05:19:26.090901+00:00,087696aa17ad4d3eb564589e073651d38a98318b463399e134a8056e30ba34a0,0,1,logs.1778044765585.csv,False
logs.1778049265962.csv,.csv,407449,2026-05-06T06:34:26.327451+00:00,01fe8b38e871a015282cb89bdd13f5a008f9416e0e5bbea54394ab80fa7a2990,0,1,logs.1778049265962.csv,False
logs.1778078968867.csv,.csv,409484,2026-05-06T14:49:29.658014+00:00,968e1f8615f5b637f819cf6f539abc5c90091d18cd17840daeb5e1a4a0c9b795,0,1,logs.1778078968867.csv,False
logs.1778114849243.csv,.csv,483368,2026-05-07T00:47:31.795142+00:00,e08215112d98b1adf536583b2c93d62af630b8ac7637828ce0c584f0c5925d2b,0,1,logs.1778114849243.csv,False
logs.1778144877715.csv,.csv,764795,2026-05-07T09:07:58.463490+00:00,6f60d68592faddb7f6053d9994c8a0982e229e3b00c4f816faa85c2790c4c18b,0,1,logs.1778144877715.csv,False
logs.1778145238148.csv,.csv,407449,2026-05-07T09:13:58.524564+00:00,911feb2cd533a3ab98f78f0bb6e65941f0fa47ef81a56ed5ca776e0f776670dd,0,1,logs.1778145238148.csv,False
logs.1778153279503.csv,.csv,189421,2026-05-07T11:27:59.910326+00:00,290da21452c5a62926073ca1b4a3e40523fb434240da5cce40dd697a32d5d24a,0,1,logs.1778153279503.csv,False
logs.1778158507264.csv,.csv,175496,2026-05-07T12:55:07.612690+00:00,f4494b2e91082e1a5979d27c5e75e195ebf7138fa8feb2e85d3fa54a5ab00a8f,0,1,logs.1778158507264.csv,False
logs.1778161157125.csv,.csv,245868,2026-05-07T13:39:17.463737+00:00,3437a882bf1a49f8dd8835b40365f5f805d162ab2dcc5184bc34d777fb6de620,0,1,logs.1778161157125.csv,False
logs.1778165846853.csv,.csv,357778,2026-05-07T14:57:27.148638+00:00,51c8228096f23405d1e423ed79b519aec63c98d30ed120c464891066134c2f2e,0,1,logs.1778165846853.csv,False
logs.1778169537102.csv,.csv,402604,2026-05-07T15:58:57.415728+00:00,4e403df078624e62e68e42bd28f97a7f2ac6b0e66f21becfbff755d1d7652b5f,0,1,logs.1778169537102.csv,False
logs.1778171006089.csv,.csv,421402,2026-05-07T16:23:26.363364+00:00,6c268c894717da97688befea31afcab1c9f520364e9df7d02d4839387c42b2c3,0,1,logs.1778171006089.csv,False
logs.1778202142631.csv,.csv,482524,2026-05-08T01:02:24.317089+00:00,d9b2f24ee0abad68c2d85bb96e15789a0d416d3e50c51afee85944585ec9da5a,0,1,logs.1778202142631.csv,False
logs.1778228849011.csv,.csv,496981,2026-05-08T08:27:29.439867+00:00,4a29a81b06a62b0e320da32f8d4e75d28856aa3463aa97ddf3528013bb960e2c,0,1,logs.1778228849011.csv,False
logs.1778234629735.csv,.csv,413659,2026-05-08T10:03:50.289701+00:00,8015dfcbdaa9b412c3ca310f7795b09ce68e3b8c1aa2ecf74b84f3b2428b2766,0,1,logs.1778234629735.csv,False
logs.1778247512768.csv,.csv,2176617,2026-05-08T13:38:33.529269+00:00,c16146ff8de8c8ced0a2c27bf60b42d4931b69d777d377fcef24e7e4e420e87f,0,1,logs.1778247512768.csv,False
logs.1778262314125.csv,.csv,2937978,2026-05-08T17:45:14.755159+00:00,956e7d3ebde0cd4ff840238a214234e859185df3abe0f31aa18798173522be54,0,1,logs.1778262314125.csv,False
logs.1778297690452.csv,.csv,6869144,2026-05-09T03:34:52.970547+00:00,0a39bc77e9e52bc7287ed89cc6aab3ab8eab264c31183f4d1364a77ddd2c5130,0,1,logs.1778297690452.csv,False
logs.1778461794011.csv,.csv,198085,2026-05-11T01:09:57.053939+00:00,1165e720615d5d185a27884aefec78963697dc8415b462a6ef8c90e170458e76,0,1,logs.1778461794011.csv,False
logs.1778464921806.csv,.csv,432723,2026-05-11T02:02:02.634754+00:00,79c8e58fc80353ba642a65b136cbb89fe3347510ed91251a8fdfea40707eaa2f,0,1,logs.1778464921806.csv,False
logs.1778473255092.csv,.csv,425276,2026-05-11T04:20:55.503209+00:00,e41488a16b908edebdd03664450345f944e6c2512e1e8268134e7a0f566c65ee,0,1,logs.1778473255092.csv,False
logs.1778481548945.csv,.csv,425203,2026-05-11T06:39:09.512352+00:00,447049cf21adab85e824a5b1d2dfb33f4375584220300c5473f69ce3c764ee95,0,1,logs.1778481548945.csv,False
logs.1778488075594.csv,.csv,423309,2026-05-11T08:27:56.021109+00:00,f1c1554e9ee58322458c50b0b87a669788ed95c600b071ee44a27f415cea2a15,0,1,logs.1778488075594.csv,False
logs.1778501240254.csv,.csv,449661,2026-05-11T12:07:20.818716+00:00,8039fa601c9784991db4b27069475a86c2c35b9f980fe78f3fd7b20b17970e54,0,1,logs.1778501240254.csv,False
logs.1778523052319.csv,.csv,419618,2026-05-11T18:10:57.180603+00:00,5085ec702879ce28c655123283a15ac95158f1aefd1074dda24178511143da90,0,1,logs.1778523052319.csv,False
logs.1778556751449.csv,.csv,426111,2026-05-12T03:32:34.011070+00:00,9339a2727d24a52214978d7c15480c11bfa4ddde3f7d06fdda7e22b0d3537473,0,1,logs.1778556751449.csv,False
logs.1778559979189.csv,.csv,427347,2026-05-12T04:26:19.601951+00:00,ba39ef53ec58b79587ec67fb562c69510bfad34c647657079fb3c04309e75676,0,1,logs.1778559979189.csv,False
logs.1778640883091.csv,.csv,156796,2026-05-13T02:54:44.028626+00:00,2ab393d15b5867e69307b2ddd52f2607b83444f0d7d477d3ef48473226b61793,0,1,logs.1778640883091.csv,False
logs.1778646334137.csv,.csv,104737,2026-05-13T04:25:34.596104+00:00,fdd3f681b988f52bf837895002122f12e2c3354b5358665517520158ce381909,0,1,logs.1778646334137.csv,False
logs.1778660262491.csv,.csv,338871,2026-05-13T08:17:42.792910+00:00,f64053f3509dfd3d442ed9eadf7463c4f77c9dfb8a55cb5317c1599e0a8cb670,0,1,logs.1778660262491.csv,False
logs.1778674364803.csv,.csv,465039,2026-05-13T12:12:45.267442+00:00,e7f9f28fbb1cab2c78628654da493593f50aba552c6ba18973ee1e30a17b2bae,0,1,logs.1778674364803.csv,False
logs.1778721880576.csv,.csv,466160,2026-05-14T01:24:42.353237+00:00,986c015f6070105bae595d4017b2a22e863f9ff29de79015bec40cf4b76fc787,0,1,logs.1778721880576.csv,False
logs.1778732229390.csv,.csv,466913,2026-05-14T04:17:09.865847+00:00,5baad894b9031f8ef7aace00d113e41dacfaa564056e0c8d0beb10537fa0de01,0,1,logs.1778732229390.csv,False
logs.1778742085170.csv,.csv,475439,2026-05-14T07:01:25.684952+00:00,031408a768c72bd78b2debe4d3994b1fe91097e2b30a7d37e4d8a46b849f983f,0,1,logs.1778742085170.csv,False
logs.1779089709625.csv,.csv,675959,2026-05-18T07:35:11.409471+00:00,c6fc578cc94fcfe088009d7fcbc015e39464e9d68f011e73795289a115dd63c7,0,1,logs.1779089709625.csv,False
logs.1779222287632.csv,.csv,469953,2026-05-19T20:24:49.319378+00:00,4f10d1981e3314717d47cb7dea53f8f9a0f3e2b7bbc5a23671830e29d6ec5ccb,0,1,logs.1779222287632.csv,False
logs.1779227086579.csv,.csv,101290,2026-05-19T21:44:48.512918+00:00,c7076ce0aa00ed9cbb3897299d9c89220f29119e3804d292f570caed17e07c30,0,1,logs.1779227086579.csv,False
logs.1779227896634.csv,.csv,47526,2026-05-19T21:58:16.957758+00:00,1b94058bed3f39ceb118551ecac66ec15e986a30c6c9802cf7d27ee32cbf8a4c,0,1,logs.1779227896634.csv,False
logs.1779228173900.csv,.csv,10146,2026-05-19T22:02:54.253642+00:00,67cab5aab486498ada2dc7d5e135e284ffbee5444e2e2d30a14cdce376912f8e,0,2,logs.1779228173900.csv,False
logs.1779228194821.csv,.csv,10146,2026-05-19T22:03:15.117841+00:00,67cab5aab486498ada2dc7d5e135e284ffbee5444e2e2d30a14cdce376912f8e,0,2,logs.1779228173900.csv,True
logs.1779254490911.csv,.csv,470340,2026-05-20T05:21:33.468211+00:00,379bae6b9025485fb0c96b6cb407503c61693e14c4fc06c87a4b58d5afe66964,0,1,logs.1779254490911.csv,False
logs.1779743050413.csv,.csv,86086,2026-05-25T21:16:41.493435+00:00,98808240f01848f82fa192dcab3ed9ab7e237dc1b43c3d6034d1e8828df56f26,0,1,logs.1779743050413.csv,False
logs.1779743052915.csv,.csv,57480,2026-05-25T21:16:42.661455+00:00,0b7499339a74899ffab21bcbae6d561985a874b91466e4436fdf4af54d999730,0,1,logs.1779743052915.csv,False
logs.1779743085966.csv,.csv,215234,2026-05-25T21:16:45.187595+00:00,5d9bd3077e1f775a391fe29d370dd4428a03bc6c25c07f2e0b271cd8285627a3,0,1,logs.1779743085966.csv,False
logs.1779773227323.csv,.csv,15578,2026-05-26T05:27:07.914394+00:00,bf5b4bed7132a3a0a1505372330250fa1014238f381efddcd2039110e23aa228,0,1,logs.1779773227323.csv,False
logs.1780011575930.csv,.csv,141192,2026-05-28T23:39:36.675650+00:00,b65b4daa063cce2a2cdc2e85c34ab30a1738b6cb8514734372187a75d05b3c87,0,2,logs.1780011575930.csv,False
logs.1780011920067.csv,.csv,141192,2026-05-28T23:45:20.398224+00:00,b65b4daa063cce2a2cdc2e85c34ab30a1738b6cb8514734372187a75d05b3c87,0,2,logs.1780011575930.csv,True
logs.1780277920982.csv,.csv,148881,2026-06-01T01:38:44.461529+00:00,ddeb950087dd99cc521d7bfc576a4ddf96920a597e928698b22fcfd946a6873d,0,1,logs.1780277920982.csv,False
logs.1780291741023.csv,.csv,843245,2026-06-01T05:29:01.646196+00:00,2c1466c621296976f87a94b4419c9b2a22f27b67a1a5281d6c155e218a15a7aa,0,1,logs.1780291741023.csv,False
logs.1780291996044.csv,.csv,1024280,2026-06-01T05:33:16.391661+00:00,1e81f99a417256771e86991227f5a0f3ce6103d8a8dff0d5e814b5d9cffa3a08,0,1,logs.1780291996044.csv,False
logs.1780292037793.csv,.csv,149977,2026-06-01T05:33:58.138600+00:00,15c72e11c7e1190f46ecdac6e4e408fcc877f1106ea08d6e5f59944136e16f7a,0,1,logs.1780292037793.csv,False
logs.1780308723867.csv,.csv,145859,2026-06-01T10:12:04.533004+00:00,7fabc0aaed703e626309c8343a990c2e817e2293961be292d0882fed8ee6c78e,0,1,logs.1780308723867.csv,False
logs.1780331691439.csv,.csv,470053,2026-06-01T16:34:53.355081+00:00,45425f9f740119f2e5ce9c885cc5706dae963384f4c2115f7f33ea12e228ea9f,0,2,logs.1780331691439.csv,False
logs.1780331719907.csv,.csv,470053,2026-06-01T16:35:20.286220+00:00,45425f9f740119f2e5ce9c885cc5706dae963384f4c2115f7f33ea12e228ea9f,0,2,logs.1780331691439.csv,True
logs.1780497631736.csv,.csv,14156,2026-06-03T14:40:33.480511+00:00,a5b81d139be473a33cc18d572611fd952b4ae38782c534a18fc58b510c00078b,0,1,logs.1780497631736.csv,False
logs.1780497887070.csv,.csv,469014,2026-06-03T14:44:49.033405+00:00,5d2b8e2638abbb803211598ce15ad8b22fdf5fcc86005d084ac1ac6b213383fd,0,1,logs.1780497887070.csv,False
logs.1780498159301.csv,.csv,10092038,2026-06-03T14:49:20.186689+00:00,08b06342a8af7b258458a8b6e5320f8710621dd763c040c6732768c471c355cd,0,1,logs.1780498159301.csv,False
logs.1780554512358.json,.json,548899,2026-06-04T06:28:32.967985+00:00,44fd1aa1ce65e34dad6e6d268cbb58da30797e39aa5c25ccb60556f96aa9b59f,0,1,logs.1780554512358.json,False
logs.1780620404951.csv,.csv,474671,2026-06-05T00:46:47.427099+00:00,2095919eb8b47fd41572b6a4756eb629abb49df2ec37ad18f7d1c3bbad356b0a,0,1,logs.1780620404951.csv,False
logs.1780634625618.csv,.csv,475098,2026-06-05T04:43:46.088962+00:00,573ee8742852fd0df55c593dc3d9d820681f06f6304727bfa5825c25e8f1690e,0,1,logs.1780634625618.csv,False
logs.1780634648177.csv,.csv,53526,2026-06-05T04:44:08.491536+00:00,3511242c496644b756a97aea702dfdc2824e0728bfae1bb975cf3c5992add4d4,0,1,logs.1780634648177.csv,False
logs.1780634671188.csv,.csv,2422135,2026-06-05T04:44:31.603413+00:00,dcfe1870a17059a5540d088993f7c52198d3ce6efd5102874fac6590a5898cbb,0,1,logs.1780634671188.csv,False
logs.1780634787696.csv,.csv,691734,2026-06-05T04:46:28.243766+00:00,68830578c48100fe9fac30a2cfcd7e235f5ca88d881418aee373241ba60308da,0,1,logs.1780634787696.csv,False
logs.1780866951256.csv,.csv,1265943,2026-06-07T21:15:54.908708+00:00,a6b155f46d110610c668da72bfeb46c1cb0aa9c4ef634160b3af832364b17f95,0,1,logs.1780866951256.csv,False
logs.1780893424898.csv,.csv,297893,2026-06-08T04:37:05.556617+00:00,af6a8314eadb9d93c0f79a6c691dfe0ea4c6874b724630413fc65dbcd596eb23,0,1,logs.1780893424898.csv,False
logs.1780893489255.csv,.csv,1263913,2026-06-08T04:38:09.587343+00:00,22a1f978566665346c6f08da2d8bb8566e7567af7a7d4069360ba568af2f2b1f,0,1,logs.1780893489255.csv,False
logs.1780893555616.csv,.csv,2690755,2026-06-08T04:39:16.055379+00:00,50e7b37dccac8ef08c154ffab1a2b0328c352404eae4d581bd8c20d70b88a43e,0,1,logs.1780893555616.csv,False
logs.1780893640944.csv,.csv,36503,2026-06-08T04:40:41.242153+00:00,690cd9e4b0d2b8170ea40feec6b15173b79836cc4f8c55672bb3668ae78b5a63,0,1,logs.1780893640944.csv,False
logs.1780908722024.csv,.csv,638609,2026-06-08T08:52:02.833504+00:00,c9c472a33ba52d2bd3c56f0179a6e8f53bbf1640c84c92d036f5f2aedfd0e180,0,1,logs.1780908722024.csv,False
logs.1780909437514.csv,.csv,345000,2026-06-08T09:03:58.209460+00:00,eeb582cdc0a79d93d3dada44fe795eaaa22fef9ff96cd5ff7f0b9386cd323db5,0,1,logs.1780909437514.csv,False
logs.1780923322985.csv,.csv,352389,2026-06-08T12:55:34.305320+00:00,fe081dceb9f472f9c7a009624a1161fd0a986c432ac3432b41a1248b7d3110b7,0,2,logs.1780923322985.csv,False
logs.1780923332423.csv,.csv,352389,2026-06-08T12:55:34.306319+00:00,fe081dceb9f472f9c7a009624a1161fd0a986c432ac3432b41a1248b7d3110b7,0,2,logs.1780923322985.csv,True
logs.1780975980757.csv,.csv,252107,2026-06-09T03:33:03.756931+00:00,a63e6aa2975a9a926f28e1746ec90738c84b8dc1f36e50c957181d8c045aff75,0,1,logs.1780975980757.csv,False
logs.1780977476953.csv,.csv,2341022,2026-06-09T03:57:57.505778+00:00,b16c48bd9652ab8967234866bfdb7337c8fe30a4dd77c666a030ebe89462d4c0,0,1,logs.1780977476953.csv,False
logs.1780977491085.csv,.csv,608426,2026-06-09T03:58:11.402060+00:00,1ffbf01a416c39640292755a94934e1a56d2351c6631bafa75b5b107f5c1fd00,0,1,logs.1780977491085.csv,False
logs.1781017424853.csv,.csv,690308,2026-06-09T15:03:45.894461+00:00,e5c0c7cf6a11450a88c6600e6503f3dd494263753a5ff9dc958452812d625491,0,1,logs.1781017424853.csv,False
logs.1781057670512.csv,.csv,794754,2026-06-10T02:14:31.022888+00:00,8edfa58ffa2097d21b7ddc80bffb3ee1111e462f83e3887c9f1a211e30bb8f47,0,1,logs.1781057670512.csv,False
logs.1781063559375.csv,.csv,71328,2026-06-10T03:52:39.955699+00:00,a63edb4761a22bb4b3c8a71b1b34a0e0acad91aab7633c08841cbd59f0decd06,0,1,logs.1781063559375.csv,False
logs.1781063573376.csv,.csv,372794,2026-06-10T03:52:53.757255+00:00,9e8e3e853debdd56fd786fe478b60dd2042589a7d2c03bb5452521e1aeea64b7,0,1,logs.1781063573376.csv,False
logs.1781063585354.csv,.csv,214130,2026-06-10T03:53:05.706511+00:00,808eb72d836283869f31de506c93a19ae42be01685d83323454e7eb277399699,0,1,logs.1781063585354.csv,False
logs.1781063601095.csv,.csv,785196,2026-06-10T03:53:21.455971+00:00,54bc5eb386e231d65b32ea9b983be8e598b30ea2a73654ae916c29d20a2f3b34,0,1,logs.1781063601095.csv,False
logs.1781066037674.csv,.csv,5645339,2026-06-10T04:33:58.527122+00:00,a26a773e63a0614114970c252348f7c41475022a414972d490684333c73ea486,0,1,logs.1781066037674.csv,False
logs.1781099239310.json,.json,673166,2026-06-10T13:47:20.677141+00:00,9be1bb4e6f44181b3bf7286a0c4f4d4f128ceb19ef902639b6282c90efa69ed4,0,1,logs.1781099239310.json,False
logs.1781108027436.json,.json,263483,2026-06-10T16:13:47.889433+00:00,05f16ab250866ea43b4a55dbb30eb76a2a6e3665726121f225e7ad301d511db4,0,2,logs.1781108027436.json,False
logs.1781111006616.json,.json,263483,2026-06-10T17:03:27.034679+00:00,05f16ab250866ea43b4a55dbb30eb76a2a6e3665726121f225e7ad301d511db4,0,2,logs.1781108027436.json,True
logs.1781142295337.json,.json,1756980,2026-06-11T01:44:56.295769+00:00,65cc2e5e79d42f7dbda8b015679414747b3cea9ecdce5e4cb7301a278b69a3b8,0,1,logs.1781142295337.json,False
logs.1781147630898.json,.json,1800530,2026-06-11T03:13:51.791640+00:00,a9e5a6bc451223f2bd9ea4885c0154379180e3d0db48ea358704960630a3b9ce,0,1,logs.1781147630898.json,False
logs.1781151069433.json,.json,1597050,2026-06-11T04:11:10.166745+00:00,48d4673a985fd862aca9d48cac9381591b2a78cd461c2104fb0213c4a1b36850,0,1,logs.1781151069433.json,False
logs.1781153470047.json,.json,724576,2026-06-11T04:51:11.217814+00:00,6102f6d44d0b602bff074e92a02384c0f05576eb36f1d63ec08d4a61a89ea4e1,0,1,logs.1781153470047.json,False
logs.1781154027135.json,.json,18102,2026-06-11T05:00:27.433664+00:00,20e84faa8446b2ec7fb8cbca92d8ee740de7b99c892d978f057178ecd7c08107,0,2,logs.1781154027135.json,False
logs.1781155817633.json,.json,708468,2026-06-11T05:30:18.151558+00:00,8ffbd71acbe72f94a7301ab20d27bf327fe3b93c3c6b7833aa2865a495b2a955,0,1,logs.1781155817633.json,False
logs.1781155843715.json,.json,18102,2026-06-11T05:30:44.089216+00:00,20e84faa8446b2ec7fb8cbca92d8ee740de7b99c892d978f057178ecd7c08107,0,2,logs.1781154027135.json,True
logs.1781162867217.json,.json,2646477,2026-06-11T07:27:49.690761+00:00,333ea630d2447a69591d603a08ca8f77bbbde64d4ece95a604511612107d9c42,0,1,logs.1781162867217.json,False
logs.1781163306350.json,.json,685820,2026-06-11T07:35:06.845400+00:00,48e8424f07bbcb17834db2b07b1bbd65b723200785235aa4ffc762d6a6cadbd5,0,1,logs.1781163306350.json,False
logs.1781165138174.json,.json,21493,2026-06-11T08:05:38.490002+00:00,1300eed670bfc5f2d57a8f5b8701e4f7c8979cf00484e3bfd56fc9e20c21eba7,0,1,logs.1781165138174.json,False
logs.1781167811486.json,.json,606913,2026-06-11T08:50:12.210405+00:00,3025876a926265c916e4b811c35abe8911f32b2ba67de78fa58495ff0cb69daf,0,1,logs.1781167811486.json,False
logs.1781168722904.json,.json,2648757,2026-06-11T09:05:23.755861+00:00,3a41eaa3e6132a2aac08625637905073c15b9d8cc3f7f9690d1ff3eb674ce138,0,1,logs.1781168722904.json,False
logs.1781168758042.json,.json,950851,2026-06-11T09:05:58.571884+00:00,ecaebbea55fc3f61b94021460361ef041044338befcc3afd813411e5182b4b6d,0,1,logs.1781168758042.json,False
logs.1781173547645.json,.json,2657998,2026-06-11T10:25:48.551339+00:00,ab95fa5ef2514463df34d3e59852b0034295270d603a5bd4d263d4d70473c17e,0,1,logs.1781173547645.json,False
logs.1781175761246.json,.json,841860,2026-06-11T11:02:42.136113+00:00,0c67a0b95901a981b2403e20cb6a142f4e214f8738729ce791de757504abf828,0,1,logs.1781175761246.json,False
logs.1781175800125.json,.json,2633034,2026-06-11T11:03:21.074847+00:00,9d4708e790dead1d1f780afa5869afbc66ffe5bb670fc8a9808d76af9bc40036,0,1,logs.1781175800125.json,False
logs.1781183792220.json,.json,45188,2026-06-11T13:16:33.976305+00:00,d096b340bc3d73d744d4ec2d6073cb330ae5bc88915eae1d3b81d843b7a7d052,0,1,logs.1781183792220.json,False
logs.1781250680063.json,.json,53008,2026-06-12T07:51:20.628718+00:00,e4658c3711f583cbbeaa7ea7e3362abf2ade84ed12c4ec11b8ec347419198e64,0,1,logs.1781250680063.json,False
logs.1781254742296.json,.json,1011794,2026-06-12T08:59:02.861384+00:00,03a8598400ab14edc21cec78ff6554558c2fe8d4974fe15003de9d7e1e130396,0,1,logs.1781254742296.json,False
logs.1781396513531.json,.json,458152,2026-06-14T00:21:54.095007+00:00,f064ee5b58a3f3088bbe714a33bdff33c78cce74624570a6444d8b3cf3749248,0,1,logs.1781396513531.json,False
logs.1781396531774.json,.json,2162967,2026-06-14T00:22:12.518358+00:00,f90177dea17609203103dfe2cd7c2fa3c052fac91fd138299d4716036a4f1408,0,1,logs.1781396531774.json,False
logs.1781396553290.json,.json,5138737,2026-06-14T00:22:34.609859+00:00,25af860b1339bf82e294262b82b6fe25aa879bb24dacb4c6f6c7d3b6a2d1aa25,0,1,logs.1781396553290.json,False
logs.1781396707933.json,.json,2897057,2026-06-14T00:25:08.817309+00:00,93a66fee074a6028496f192706346b1ccfec490599d6570e7855b2a7fa51fdec,0,1,logs.1781396707933.json,False
logs.1781398003437.json,.json,7471093,2026-06-14T00:46:45.287691+00:00,6272da8cb2db7136c4360239bf2df08f05e6fa6881dd31db733311d56acbd0dd,0,1,logs.1781398003437.json,False
logs.1781423091311.json,.json,2,2026-06-14T07:44:51.714177+00:00,4f53cda18c2baa0c0354bb5f9a3ecbe5ed12ab4d8e11ba873c2f11161202b945,0,1,logs.1781423091311.json,False
logs.1781439397053.json,.json,541809,2026-06-14T12:16:37.648309+00:00,ca0764ef26dbd313a5de8b41db9778ffab982f23a3f88e041ef4ec8d7a8a9dc1,0,1,logs.1781439397053.json,False
logs.1781446430347.json,.json,1045443,2026-06-14T14:13:50.882347+00:00,b42fd73518557eaf2e1a3878abb0988ed33aa6b5436955f752cf94cbd7e4ca8d,0,1,logs.1781446430347.json,False
logs.1781487944030.json,.json,183818,2026-06-15T01:45:44.486504+00:00,0511695a1deacef99881f34c28574d8672aede49c88354d3c61da306b0aaa29a,0,1,logs.1781487944030.json,False
logs.1781488225212.json,.json,557058,2026-06-15T01:50:25.675988+00:00,85d67a7d624116bee91feb68d605291ab7326df9815f7e42224cda71cf10394d,0,1,logs.1781488225212.json,False
logs.1781488240559.json,.json,65871,2026-06-15T01:50:40.824357+00:00,b1b8f8dfec6e719c9f27e6a7e3997f658b7feb5fdc5504f495cdae4da7334ecb,0,2,logs.1781488240559.json,False
logs.1781488436335.json,.json,558818,2026-06-15T01:53:56.786538+00:00,09bb4ed6495707d36a329cd449800ed5ac8f8798304c541a78b3965ff867c251,0,1,logs.1781488436335.json,False
logs.1781496043005.json,.json,65871,2026-06-15T04:00:43.355289+00:00,b1b8f8dfec6e719c9f27e6a7e3997f658b7feb5fdc5504f495cdae4da7334ecb,0,2,logs.1781488240559.json,True
logs.1781496223873.json,.json,756381,2026-06-15T04:03:44.378553+00:00,9d2709d5f63659516b99e90e89bbbc4989f5e1c20e2e0cd6435ef8cb46356994,0,1,logs.1781496223873.json,False
logs.1781502439477.json,.json,21770,2026-06-15T05:47:19.797462+00:00,b537e4a2fcbc46ba187a7c37b59142defce9c4cac39b13279266fa521094bb86,0,1,logs.1781502439477.json,False
logs.1781514715586.json,.json,10365,2026-06-15T09:11:55.869725+00:00,df987f674ecdca555f261c11a92114b991e8df34c7cc874838867fd75b718122,0,1,logs.1781514715586.json,False
logs.1781515227430.json,.json,493077,2026-06-15T09:20:27.827941+00:00,a5c67a0cdc5412d50797d3ce7a46d458280404b26bbbbf26175a652522731d51,0,1,logs.1781515227430.json,False
logs.1781532395985.json,.json,199392,2026-06-15T14:06:36.325627+00:00,4da56ef39edda381c4b1314cae1275c1e5946a6afe677caf0febe580fba08601,0,1,logs.1781532395985.json,False
logs.1781540132169.json,.json,190354,2026-06-15T16:15:32.570392+00:00,4603ece79df961aaaee7722cfa515cc82e30d2ce5967a11085b49bbfb471d589,0,1,logs.1781540132169.json,False
logs.1781541675112.json,.json,82549,2026-06-15T16:41:15.490275+00:00,37b1cb330ebab18931ea0ffad0027cd7d94aae7ce811d4b5125b63c25d5c3e67,0,1,logs.1781541675112.json,False
logs.1781542022220.json,.json,26838,2026-06-15T16:47:02.472903+00:00,9223ce0a8e17529a1eeada59aaf8784b4e84234fccd262541eaee772bbe3da73,0,1,logs.1781542022220.json,False
logs.1781572613196.json,.json,192066,2026-06-16T01:16:53.832467+00:00,0b2196cde63f2126cae2d1d4ba44146a01f625ab685050f57deb08ec51bd0b4e,0,1,logs.1781572613196.json,False
logs.1781573682875.json,.json,15270,2026-06-16T01:34:43.168352+00:00,6321780bf2cda54d69a116110f240c6aa712020dacb89ac0e8cde99e4b89d17f,0,1,logs.1781573682875.json,False
logs.1781584866898.json,.json,546365,2026-06-16T04:41:09.517231+00:00,cba17caf49fce4e8bd4169b8c8c6fe0c7307d553697d2063bf236276af0f1ff8,0,1,logs.1781584866898.json,False
logs.1781593025843.json,.json,24725,2026-06-16T06:57:06.415964+00:00,596365a019d9c5ea78ee948c06e0641a5e4a1779aae6db40d4483cbe40f7a65d,0,1,logs.1781593025843.json,False
logs.1781593920412.json,.json,50661,2026-06-16T07:12:00.664136+00:00,95a11dc1387aaa9c5e6ab1578a63a94e955671a3bc141e78ec6b1869bf3337c3,0,1,logs.1781593920412.json,False
logs.1781596027111.json,.json,7041,2026-06-16T07:47:07.398026+00:00,23677cc11bc82a44775371956ba3a6d18370622f300fb5d507d8288441a099e7,0,1,logs.1781596027111.json,False
logs.1781601392528.json,.json,545810,2026-06-16T09:16:32.913520+00:00,d172fc440ec7ab3ccc2d4ee5c11c97c395dbb94f82d166f50746e8d1d2b2947d,0,1,logs.1781601392528.json,False
logs.1781601411232.json,.json,875274,2026-06-16T09:16:51.533655+00:00,dd2cfbb8b3d2520759e470c641d2184d5e9215f4a0116a2c5d49fb7eaff2066d,0,1,logs.1781601411232.json,False
logs.1781601428234.json,.json,1785298,2026-06-16T09:17:08.569712+00:00,9f29c2ad4fc300826202a24d01c491841947a8782b0b70679337ae3d33246861,0,1,logs.1781601428234.json,False
logs.1781601439567.json,.json,95139,2026-06-16T09:17:19.864135+00:00,f1a85d31a8d1e3f267f5a3aafa97c81b56054b3bbe64372c48192e2968e4d8b2,0,1,logs.1781601439567.json,False
logs.1781601454684.json,.json,2593432,2026-06-16T09:17:35.041403+00:00,ab3b792153d0871bcaa432326fd9ac1c769b62ca0e1c1dbec80edefe63a3f844,0,1,logs.1781601454684.json,False
logs.1781761969479.json,.json,247831,2026-06-18T05:52:50.048643+00:00,551739cea6b53aed58ad1979c2548b74a01c69b6207610b21da98f48d0c40c7c,0,1,logs.1781761969479.json,False
logs.1781762628881.json,.json,134780,2026-06-18T06:03:49.147109+00:00,ec2c307005dcda5bbaf0a70a51b30871baeb56b4dc13d9fc100c7995c5f83346,0,1,logs.1781762628881.json,False
logs.1781762714045.json,.json,535360,2026-06-18T06:05:14.319534+00:00,c89d27a5ede153b53d26ec2fac0776805d7f0a64cbc679de43310e1935dcfe45,0,1,logs.1781762714045.json,False
logs.1781779958221.json,.json,3304,2026-06-18T10:52:38.605021+00:00,21d1209f55208e3a663aade6ca1f74ef88bffac8c627589d213a9f0391d9e925,0,1,logs.1781779958221.json,False
logs.1781780530072.json,.json,546453,2026-06-18T11:02:10.315903+00:00,12bb510cafdbc4c2d5e6081ab15f2ca11aea6f9a42df82277604eacfe73c059b,0,1,logs.1781780530072.json,False
logs.1781785483320.json,.json,13906261,2026-06-18T12:24:43.914510+00:00,7f745769edb08b6c54b8ead84a524c888d5bd9a9b4612161b1fcfe0415bae970,0,1,logs.1781785483320.json,False
logs.1781785673034.csv,.csv,13107010,2026-06-18T12:27:53.811877+00:00,713bfde782e215ee6c583a0c4a1e73cff40cbecd58e7592241973fcb77e474b5,0,1,logs.1781785673034.csv,False
logs.1781786108729.json,.json,4522883,2026-06-18T12:35:09.164542+00:00,e41ffc6615b06f61783622635bf71c33a6f220a1cdb52726ef1b6e64b4f20d88,0,1,logs.1781786108729.json,False
logs.1781786810175.json,.json,869473,2026-06-18T12:46:50.481765+00:00,83966a6dc4146000cf303fa342c4e0619fc4a291759ff0379471716212796d7a,0,1,logs.1781786810175.json,False
logs.1781789440895.json,.json,484942,2026-06-18T13:30:41.268784+00:00,4c037512f4e29f1e5ce324639c9d9608ec69e2bacfa68d9431195d182909e6a0,0,1,logs.1781789440895.json,False
logs.1781789863214.json,.json,53247,2026-06-18T13:37:43.542650+00:00,b4b4a6909118afe83c8822c7bb45b5e19bd22ccb05f7f3558144afc7b6ace837,0,1,logs.1781789863214.json,False
logs.1781793305641.json,.json,332838,2026-06-18T14:35:05.945934+00:00,52d3f84fa075bd5594509cfc805f365302eb4394725bd75cd0137caad8579a27,0,1,logs.1781793305641.json,False
logs.1781795996779.json,.json,991201,2026-06-18T15:19:57.059000+00:00,08f829b37a56c34e3620c142c5ec6c26a7426b6da7a98c034b00a15d87443e1e,0,1,logs.1781795996779.json,False
logs.1781828803429.json,.json,295475,2026-06-19T00:26:43.813852+00:00,2fd477ba1d36c41be37649e559c23df0a3f74fc7f8136e3ad81f4cfd1c562375,0,1,logs.1781828803429.json,False
logs.1781828835579.json,.json,876713,2026-06-19T00:27:15.872063+00:00,db8fdf950f4ac4bac74297411f23d04ce3abbb571f306ad86201657eac75b3d8,0,1,logs.1781828835579.json,False
logs.1781851837067.json,.json,552924,2026-06-19T06:50:39.797206+00:00,134865a8beb81c6f284096f9f3da80972719009c955b3b9a43a471acdf90ecb8,0,1,logs.1781851837067.json,False
logs.1781870513276.json,.json,76638,2026-06-19T12:01:53.640332+00:00,2c95d692df99eac34721c711b451b5f2fdebc0519511d7d5fad533c12845f986,0,2,logs.1781870513276.json,False
logs.1781870530101.json,.json,76638,2026-06-19T12:02:10.351709+00:00,2c95d692df99eac34721c711b451b5f2fdebc0519511d7d5fad533c12845f986,0,2,logs.1781870513276.json,True
logs.1781870546068.json,.json,30440,2026-06-19T12:02:26.324135+00:00,79b3792d9ee6e20ff576ed88a32bbed999775e8c44911fef63a002cdad94fae4,0,1,logs.1781870546068.json,False
logs.1781870621490.json,.json,83991,2026-06-19T12:03:41.762512+00:00,59477314e4befa743ebd25023dcb77493c6388e0fd8c4e4972f1d342eb19ad46,0,1,logs.1781870621490.json,False
logs.1782072094442.json,.json,1480061,2026-06-21T20:01:35.675779+00:00,2d864a3f0fae6158ef0196bd82b52f9e8005cb1610d6b4bc7d0f2b0646ff5745,0,1,logs.1782072094442.json,False
logs.1782088813431.json,.json,38610,2026-06-22T00:40:14.032445+00:00,312f4ff65dc50ea6dd1db3cacdf535090b6786cef64e4eb299e1f47407c53140,0,1,logs.1782088813431.json,False
logs.1782088864801.json,.json,689631,2026-06-22T00:41:05.331546+00:00,babdb68d12efd5a2939dd5ef0bf091a8c08954aa609c459a79218a493b864d2c,0,1,logs.1782088864801.json,False
logs.1782088985254.json,.json,14831,2026-06-22T00:43:05.641384+00:00,297dbcb4ab0372ec058cdfa9bc7ce05cf8d2df005a64ba418d13eca0c95809a9,0,1,logs.1782088985254.json,False
logs.1782089034288.json,.json,390711,2026-06-22T00:43:54.546772+00:00,8718391a6366f2e7d125250e556e17bfd1a904ce475682ae1c8e64d2f821dfa4,0,1,logs.1782089034288.json,False
logs.1782091073442.json,.json,8804,2026-06-22T01:17:53.743934+00:00,d06f41a6e1e33b366481337e05bba8c66284a9d3e10d564fe9c7ba3c31fe1d0b,0,1,logs.1782091073442.json,False
logs.1782105731586.json,.json,1326,2026-06-22T05:22:12.015550+00:00,295cb107a064298d51313cf7b8e34695b0aeb06e64bab8023844d03fbbe6773e,0,1,logs.1782105731586.json,False
logs.1782105784949.json,.json,29234,2026-06-22T05:23:05.229556+00:00,1c6c8d0d31271566af64ac535e34ba3874a7992ec642a1e7be5049da67f42952,0,1,logs.1782105784949.json,False
logs.1782105896714.json,.json,124940,2026-06-22T05:24:57.001606+00:00,572e4f8a770f770b02e38afaa10f1a76b33e2b3bfb89dff825010ffd1da08c38,0,1,logs.1782105896714.json,False
logs.1782105938324.json,.json,95707,2026-06-22T05:25:38.652833+00:00,c43e55f92d8f388d7470693ea38d3520e6e619207e35c25277c8376813d5a4cf,0,1,logs.1782105938324.json,False
logs.1782404728644.csv,.csv,69021650,2026-06-25T16:25:30.532863+00:00,585fdb5fdd2381122c4bcd461f94baffc87fb817b02ce6149084d2532b28bb4c,0,1,logs.1782404728644.csv,False
logs.1782406523842.json,.json,73149129,2026-06-25T16:55:29.257627+00:00,5689f7523599fd5de543c3d40e806a35df26a734d7e9dd02c4a21726796281fe,0,1,logs.1782406523842.json,False
logs.1782406630612.json,.json,1155219,2026-06-25T16:57:11.146630+00:00,f413cb03d0f6e1a8e6efe7753108a9c01afd5ddac700fb6ba40042fb71e3c05f,0,1,logs.1782406630612.json,False
logs.1782407005645.json,.json,77782219,2026-06-25T17:03:31.460562+00:00,dbf91d4966513ffd09f787a9c1e81ff94ecf5cfa57ad5e4915a3d92da68888fd,0,1,logs.1782407005645.json,False
logs.1782407200577.json,.json,30503156,2026-06-25T17:06:42.752344+00:00,bcf8ed3eced26652dce8d9191731d81fc82c900f3b0714aa30f2f33929cc3f59,0,1,logs.1782407200577.json,False
logs.1782409264575.csv,.csv,1091323,2026-06-25T17:41:04.987393+00:00,00fb34e0fdca89d0689fa351ed74f2f3d412a744fbef60ac186b762f96301b46,0,1,logs.1782409264575.csv,False
logs.1782409537841.csv,.csv,72371612,2026-06-25T17:45:39.610506+00:00,4f7adc212c459e6cf44446dc5e95f19ae222dd1a6c567be762cb194e3240d8fb,0,2,logs.1782409537841.csv,False
logs.1782409562675.csv,.csv,72371612,2026-06-25T17:46:08.321736+00:00,4f7adc212c459e6cf44446dc5e95f19ae222dd1a6c567be762cb194e3240d8fb,0,2,logs.1782409537841.csv,True
logs.1782409663324.csv,.csv,30354773,2026-06-25T17:47:44.475462+00:00,566012a4c3304df29a0b3ea52e1484fcf8668017c13946665e20f7579b0fc0df,0,2,logs.1782409663324.csv,False
logs.1782409697801.csv,.csv,30354773,2026-06-25T17:48:18.737484+00:00,566012a4c3304df29a0b3ea52e1484fcf8668017c13946665e20f7579b0fc0df,0,2,logs.1782409663324.csv,True
logs.1782449148925.csv,.csv,180814,2026-06-26T04:45:49.992945+00:00,95d934bf1501eddec6b5ffe120a625c73662cf24282cbe867759b66d95376845,0,1,logs.1782449148925.csv,False
logs.1782449162988.csv,.csv,1202918,2026-06-26T04:46:03.591099+00:00,b67f1019079d65a43ddfd2b9053f2a87dc700decee620594908159cad04c52e7,0,1,logs.1782449162988.csv,False
logs.1782449176376.csv,.csv,5809338,2026-06-26T04:46:17.501537+00:00,109909a3d64c32e6ddbd8ab5cb311d2cc15cb7b92c76cae5924365777cc23684,0,1,logs.1782449176376.csv,False
logs.1782449187637.csv,.csv,1582884,2026-06-26T04:46:28.045575+00:00,8908a36106ae4fa7120c269698ee5bda7a1436c710901ffe1ce8a065c952742c,0,1,logs.1782449187637.csv,False
logs.1782453276203.json,.json,1599883,2026-06-26T05:54:39.960301+00:00,7813097960434aa1561f8e3db72ef4eae2f4b4cf8eb7e33d9cc2d872f311c68c,0,1,logs.1782453276203.json,False
logs.1782486043715.csv,.csv,4594495,2026-06-26T15:00:44.442069+00:00,5837cbecec72cf96e3cd497116d22411847f0eb567eddec103e7dac6d6b631b5,0,1,logs.1782486043715.csv,False
logs.1782701914341.json,.json,227928,2026-06-29T02:58:35.214887+00:00,545ddfdf55ecf95dc80f5966e42560a295484e5fb67fa9a7878a096a8c68311e,0,1,logs.1782701914341.json,False
logs.1782783894041.csv,.csv,1449838,2026-06-30T01:44:54.451250+00:00,0f780d77e9a5973858b17a5b6aab310161fef03c60a1f1a45824849c8ca9aaf6,0,1,logs.1782783894041.csv,False
logs.1782868309531.csv,.csv,4763578,2026-07-01T01:11:50.154536+00:00,45d71367fda0cfd8c12727ef86e56835edd10ada7a3ac9f8bf9d6a9a98bdf6d1,0,1,logs.1782868309531.csv,False
logs.1782868357708.csv,.csv,573613,2026-07-01T01:12:37.983518+00:00,30afd049e8e0c1cc1cc28c4cc12a6ec61418b8abf2dd3c0ff805808e5e687c4b,0,1,logs.1782868357708.csv,False
logs.1782871102611.json,.json,5910656,2026-07-01T01:58:24.035760+00:00,b90c508214786caa5a33c7eb16b388c17289ae6d6be74c49011ce369c54b8cee,0,1,logs.1782871102611.json,False
logs.1782958923279.json,.json,144390,2026-07-02T02:22:03.730239+00:00,3be0dc31d59c3775df889c1b7fe2168b3152658cb5ab088139606fffe5b6e3b9,0,1,logs.1782958923279.json,False
logs.1782962989054.json,.json,26467208,2026-07-02T03:29:51.557064+00:00,a22f5ea8b5a9ac1a410e066ebdae042869f30fac8cdea9724edc91f392603967,0,1,logs.1782962989054.json,False
logs.1782965230608.csv,.csv,26335549,2026-07-02T04:07:11.438524+00:00,e7c4a0d51d9be385078cc9424c2908cdb45986dbbc1f86e51513e3846bacc515,0,1,logs.1782965230608.csv,False
logs.1783049622039.json,.json,256689,2026-07-03T03:33:42.458438+00:00,0cc3ba853f7ae9af9cd6b23eff93d6f10de1be197063d0d4717dacfea12d783d,0,1,logs.1783049622039.json,False
logs.1783055143808.json,.json,1937461,2026-07-03T05:05:44.211349+00:00,12d749dcee4ffb98e7c54b3ae6aa4a00806e3376bf699650893d49592b63b3cb,0,1,logs.1783055143808.json,False
logs.1783426715523.json,.json,771912,2026-07-07T12:18:35.909499+00:00,f1947a4bf550197f5fc85aa55fdb09c327cab12e2287507f905da9c74cfa95e7,0,1,logs.1783426715523.json,False
logs.1783428270267.csv,.csv,1824252,2026-07-07T12:44:31.132924+00:00,c5b036a6c77a99af81b9d9a4e44de86ed67510a225e1ffc0aefd0dc4656bf649,0,1,logs.1783428270267.csv,False
logs.1783441729085.json,.json,235129,2026-07-07T16:28:49.426380+00:00,39bd18b80d003d83e9588c3bc10a541ebd07536bcd0a8af406874e4f8e2cca56,0,1,logs.1783441729085.json,False
logs.1783469869186.csv,.csv,2111309,2026-07-08T00:17:49.745359+00:00,7a79475865b86c48e07da9996ddddc3f4ea4c1cc66e167554bd4868873ae53fb,0,1,logs.1783469869186.csv,False
logs.1783471119813.csv,.csv,2595874,2026-07-08T00:38:40.531686+00:00,3e4b038603349e3ad5e206c97fee5074042fb39e626be49a4c1176cc5d555492,0,1,logs.1783471119813.csv,False
logs.1783477892921.json,.json,2255401,2026-07-08T02:31:33.420815+00:00,835bdae5422469b8058e492e320c14e8788e2e5c1a09c68d0a13ba2b6b86605f,0,1,logs.1783477892921.json,False
logs.1783504376262.json,.json,14184505,2026-07-08T09:52:59.716030+00:00,577346639c9d119f091148cc09d0c427c372871b72b2a2cb059208a2e08b8f7b,0,1,logs.1783504376262.json,False
logs.1783510717795.json,.json,94258,2026-07-08T11:38:38.281352+00:00,2816e3e750ba7bb0318f827dfc6878ef7576f8dfbd0f78117449c19985cebf0a,0,1,logs.1783510717795.json,False
logs.1783536459721.json,.json,1906505,2026-07-08T18:47:40.235966+00:00,2097b33d4cb480b6fc25d47fe96796b7e906eec606092d7b32a3261ad8cf5604,0,1,logs.1783536459721.json,False
logs.1783558692298.json,.json,112066,2026-07-09T00:58:12.821208+00:00,647758ba82d2a6c61e758320787b6a23ff7a3285edc324c5d99ba7daad601638,0,1,logs.1783558692298.json,False
logs.1783609135143.csv,.csv,3924628,2026-07-09T14:58:56.900721+00:00,b0a6528c561b1b3fe0e49f1a4272a039041e27c672c28bba945e4d8aa140e044,0,1,logs.1783609135143.csv,False
logs.1783681950685.json,.json,548348,2026-07-10T11:12:31.563061+00:00,d062cf8246ccca23228d8da5dbc65dda41c76fb4890b1de8a44386e375c4cbfd,0,1,logs.1783681950685.json,False
logs.1783695021848.json,.json,3166011,2026-07-10T14:50:27.400824+00:00,00d2fff57f738eb8097a378248f0f2c287481a2aa04c3710a4603c91967a6ab3,0,1,logs.1783695021848.json,False
logs.1783883865625.csv,.csv,52274114,2026-07-12T19:17:48.400236+00:00,ac6d5ad2420748c666964a6d9254aaf8954b2abf2a8b2a34ad2f51083fef3af5,0,1,logs.1783883865625.csv,False
logs.1783923203167.json,.json,1822761,2026-07-18T13:25:04.450400+00:00,bdd3ce185624a08a0e2894329f319d7fd659b0efd75c515ab6e5c3a10639170e,580,1,logs.1783923203167.json,False
logs.1784338713947.json,.json,3032648,2026-07-18T01:38:35.167051+00:00,55fb399c79d0516d47ce36c47a854983cf2af622dc8144bdfb870075a55c301c,450,1,logs.1784338713947.json,False
logs.1784529841158.json,.json,793271,2026-07-20T06:44:03.219345+00:00,35d00bc93583aecc3e95712285f8fde1feb9d307b30ef0f5065ad4893386f1ef,111,1,logs.1784529841158.json,False
logs.1784538164760.json,.json,2959231,2026-07-20T09:02:46.158519+00:00,e4f3dbc779ee17ed719178f7d26668d5c58c726120d79c4a7b4592a4318915f3,413,1,logs.1784538164760.json,False
logs.1784771339215.csv,.csv,6922090,2026-07-23T01:49:00.724622+00:00,fe88178a6fb381d1d405ad96d24e10641e1ae4957538782e607e4d2724d55bc3,1001,2,logs.1784771339215.csv,False
logs.1784798204287.csv,.csv,6922090,2026-07-23T09:16:44.777779+00:00,fe88178a6fb381d1d405ad96d24e10641e1ae4957538782e607e4d2724d55bc3,1001,2,logs.1784771339215.csv,True
logs.1784811929799.csv,.csv,748724,2026-07-23T13:05:30.301831+00:00,286e5ffdfc71210386fe52e65a3b8aa0d753a9fe79addd7eab25f75b494b40a2,105,1,logs.1784811929799.csv,False
logs.1784811935577.json,.json,751833,2026-07-23T13:05:36.135804+00:00,53ca829c2f10882e85e8db92a0aec8671111a83266a71507a9408697c2ce483c,105,1,logs.1784811935577.json,False
logs.1784837733552.csv,.csv,851225,2026-07-23T20:15:34.727027+00:00,b5d513f0a165cc0885497bd315d443c02f04ffc6a89a610c995c8ba73e83718d,119,1,logs.1784837733552.csv,False
logs.1784851959145.json,.json,2416186,2026-07-24T00:12:42.842322+00:00,985b20b8421863cb85bc31e789389c24a633f51ea2a3fe60096f95eded1d428a,337,1,logs.1784851959145.json,False
logs.1784852676059.json,.json,3307486,2026-07-24T00:24:39.712255+00:00,61b9346afebc65b347f2c2daa27e5e5b540929ddfbdb28158af0a2cb4684e8db,461,1,logs.1784852676059.json,False
