ID,Milestone,Owner,Hard dependencies,Source acceptance,DoD clarification,Evidence required,Historical action status,Current acceptance status
A00,P1,Audit coordinator,,Exact main/PR subjects and scoped source/evidence inventories acquired; acquisition is not combined build or deployment proof,PASS historis hanya untuk akuisisi source audit. Binding SSOT repo dan release baru wajib diperiksa pada S01/C01; tidak mengulang seluruh audit.,Release manifest; required CI receipts; served health/fatal-exit fault results; role/runner/governance evidence,PASS,HISTORICAL_SOURCE_ACQUISITION_ONLY
C01,P1,Release maintainer,A00,Candidate A tested cannot deploy B; checkout/build/deploy refs bound to same reviewed source; nonzero migration/deploy status propagates; manual dispatch explicit source and gate evidence,Uji sengaja source A diuji tetapi B diminta deploy: harus ditolak; migration/deploy nonzero harus membuat job gagal.,Release manifest; required CI receipts; served health/fatal-exit fault results; role/runner/governance evidence,BLOCKED,NOT_EXECUTED_THIS_REVIEW
C02,P1,Platform maintainer,A00,API no longer forces embedded orchestrator; existing dedicated orchestrator owns lifecycle; invalid dual-plane configuration fails before consumers; legacy broker paths have recording-sink zero-dispatch proof,Exactly one lifecycle owner dan satu broker-capable executor per scope; duplicate/legacy consumer tidak boleh mengirim ke broker.,Release manifest; required CI receipts; served health/fatal-exit fault results; role/runner/governance evidence,BLOCKED,NOT_EXECUTED_THIS_REVIEW
C03,P1,Test maintainer,C01,Integrate reviewed #415 then unique #416 delta; preserve #413 migration behavior/redaction tests; required test failures fail job and skips remain visible; HealthProbeRuntime caller compatibility reviewed,Semua required checks benar-benar dijalankan; skipped/missing tidak dihitung PASS. Tidak mengendurkan gate untuk meluluskan kandidat.,Release manifest; required CI receipts; served health/fatal-exit fault results; role/runner/governance evidence,BLOCKED,NOT_EXECUTED_THIS_REVIEW
C04,P1,Infrastructure owner,A00,New dedicated Linux runner identity/capacity/billing scope fixed; disposable Redis/PostgreSQL and clean checkout supported; historical Hostinger/Windows workloads untouched,Runner bersih mempunyai identitas dan capacity evidence; provisioning atau biaya belum dilakukan oleh DoD.,Release manifest; required CI receipts; served health/fatal-exit fault results; role/runner/governance evidence,BLOCKED,NOT_EXECUTED_THIS_REVIEW
C05,P1,GitHub administrator,C01; C03,Required exact-source checks/reviews active for selected release branch; unauthorized or alternate deploy path cannot silently bypass equivalent evidence,Buktikan jalur release alternatif tidak dapat melewati required evidence yang ekuivalen.,Release manifest; required CI receipts; served health/fatal-exit fault results; role/runner/governance evidence,BLOCKED,NOT_EXECUTED_THIS_REVIEW
C06,P1,Runtime service maintainer,A00,"Actual served readiness returns HTTP503 when a mandatory router import, required task or bootstrap fails; fatal task/bootstrap failure propagates a nonzero process exit; graceful shutdown and intentionally disabled optional features are not falsely classified fatal; one health listener owns the configured port and reports the same supervisor state","Matikan mandatory task/router pada fault fixture: served readiness 503, fatal exit nonzero. Health listener dan supervisor mengacu state yang sama.",Release manifest; required CI receipts; served health/fatal-exit fault results; role/runner/governance evidence,BLOCKED,NOT_EXECUTED_THIS_REVIEW
S01,P2,Strategy contract maintainer,A00,"Record already accepted V3.1 design intent with exact document digest, implementation policy IDs and versioned schemas; resolve enum/example consistency; no repeated design approval request; source-bound authority mapping must identify L1-L11 analysis/validation, only L12 strategy verdict and mandatory post-verdict gates; mapping evidence required, current runtime L12 wiring not inferred",SSOT v3.1 existing repo tetap acuan; path/full commit/digest harus bound. R1/R2 tidak diadopsi. Daftar interpretasi dan policy gaps diselesaikan eksplisit.,SSOT binding; fixture and policy digests; expected-vs-actual; durable rows; repeated replay hashes; §24 coverage report,BLOCKED,NOT_EXECUTED_THIS_REVIEW
S02,P2,Market data maintainer,C02,Readiness requires real fresh coverage; lease renew/release owner-atomic; pinned WS exception behavior; closed fallback candle semantics; cache provenance and bounded retention; stale/unknown sources never become fresh by heartbeat,Freeze quote sambil heartbeat berjalan: evidence tetap stale. Partial/future candle tidak boleh authoritative.,SSOT binding; fixture and policy digests; expected-vs-actual; durable rows; repeated replay hashes; §24 coverage report,BLOCKED,NOT_EXECUTED_THIS_REVIEW
S03,P2,Admission maintainer,S01,One normalized material observation per logical pulse; live/replay flags and timestamps agree; duplicate delivery no inflation; mixed direction does not split pair activity; gap suspends pending continuity; future evidence rejected,"Mixed direction mempertahankan pair activity bila continuity sah. BUY0/SELL150/BUY300 membutuhkan coverage/gap-policy yang valid, bukan otomatis GRANTED.",SSOT binding; fixture and policy digests; expected-vs-actual; durable rows; repeated replay hashes; §24 coverage report,BLOCKED,NOT_EXECUTED_THIS_REVIEW
S04,P2,Lifecycle maintainer,S03; C02,Canonical raw and mature advisory use existing durable lifecycle; advisory full SHADOW analysis emits zero risk/commands; same-episode raw upgrade requires fresh candidate; single-flight late-result fencing and persisted material watermarks,"Qualifying advisory mendapat lifecycle/analisis tetapi nol capital reservation, FinalSignal executable atau command; upgrade wajib re-evaluation.",SSOT binding; fixture and policy digests; expected-vs-actual; durable rows; repeated replay hashes; §24 coverage report,BLOCKED,NOT_EXECUTED_THIS_REVIEW
S05,P2,Strategy geometry maintainer,S01,Closed/as-of H1 and ordered M15 proof; nearest fresh unconsumed target from SSOT v3.1 §17.2 universe; structural SL before RR/cost constraints and final feasible interval per §17.1; bound instrument policy/spec; no farther target selected to force RR.,Koreksi ringkasan H4-only: gunakan universe SSOT §17.2 D1/H4/H1 dan sumber struktural legal. §17.1 menjadi referensi solve order; konflik diagram dicatat dalam binding.,SSOT binding; fixture and policy digests; expected-vs-actual; durable rows; repeated replay hashes; §24 coverage report,BLOCKED,NOT_EXECUTED_THIS_REVIEW
S06,P2,Replay maintainer,S02; S04; S05; C04,Bound dataset/as-of availability/clock/policy replay reproduces identities and decision reasons; parser diagnostics repeated with actual dependencies; no lookahead or advisory authority leak,Seluruh 15 acceptance §24.1 dan 20 zero-tolerance §24.2 diuji dengan denominator dan fixture. Denominator nol bukan 100% PASS.,SSOT binding; fixture and policy digests; expected-vs-actual; durable rows; repeated replay hashes; §24 coverage report,BLOCKED,NOT_EXECUTED_THIS_REVIEW
R01,P3,Risk policy owner and maintainer,S01,Bind one explicitly selected account/mode/currency risk profile; equal5+5 and DEMO3.5+1.5 kept distinct; parent-first rollout cap explicit; RR metric/threshold tied to policy; no percentage guessed from memory,Satu risk profile account/mode/currency terikat; tidak mencampur equal dengan asymmetric. Nilai yang belum terikat berstatus UNBOUND.,Combined source/schema/EA manifest; DB transaction/race/fault receipts; wire vectors; MetaEditor output; negative sink counters,BLOCKED,NOT_EXECUTED_THIS_REVIEW
R02,P3,Risk ledger maintainer,R01; S05,Current canonical P5 identity enters serialized account admission; reservation+leg+FinalSignal+outbox atomic; floor broker volume and final cash-loss oracle; pending/filled/unsubmitted/unknown exposure counted once; unavailable snapshot fails closed,Race dua worker/akun; capacity serialized; below-min safe lot ditolak; filled/pending/reserved/unknown dihitung sekali.,Combined source/schema/EA manifest; DB transaction/race/fault receipts; wire vectors; MetaEditor output; negative sink counters,BLOCKED,NOT_EXECUTED_THIS_REVIEW
R03,P3,Protocol maintainer,R02,Explicit natural5SCR DEMO source class with current candidate/proof/reservation/account/spec/reconciliation/version/deadline binding; #418 projection and #419 engineering lineage cannot masquerade as capital authority; bind source-backed L12 strategy verdict plus mandatory post-verdict gates before separate account/exposure/final-size risk approval; P5-to-risk regex/ID substitution cannot bypass unknown gate mapping; journal records only and enrichment has no authority,Natural source class memiliki lineage lengkap; ID regex substitution tidak menggantikan verifikasi strategy verdict/gates/risk.,Combined source/schema/EA manifest; DB transaction/race/fault receipts; wire vectors; MetaEditor output; negative sink counters,BLOCKED,NOT_EXECUTED_THIS_REVIEW
E01,P4,EA and bridge maintainer,A00,SHADOW and DEMO active timer handlers use monotonic elapsed scheduling; UTC expiry separate; direct claim enforces not-before/expiry atomically; no-quote recovery continues but stale quote submit rejects,"Monotonic elapsed scheduling terpisah dari UTC expiry; no-quote tetap bisa recovery, tidak bisa submit dengan quote stale.",Exact target/artifact/account binding; final SHADOW receipts; scoped canary trace; independent orders/deals/positions/history reconciliation,BLOCKED,NOT_EXECUTED_THIS_REVIEW
E02,P4,Auth and ledger maintainer,A00,Separate attestor principal and immutable proof/verifier; heartbeat bool cannot establish reconciliation; account/purpose/challenge/version/expiry/completeness checked; enqueue/arm binds verified proof atomically,Executor heartbeat boolean tidak cukup; attestor/reader terikat dan hasil query lengkap. Unknown proof menahan new risk.,Exact target/artifact/account binding; final SHADOW receipts; scoped canary trace; independent orders/deals/positions/history reconciliation,BLOCKED,NOT_EXECUTED_THIS_REVIEW
E03,P4,Release integrator,C01; C02; C03; C06; E01; E02,"Real combined commit/tree with reviewed #419 and required release fixes, including served runtime readiness/fatal-exit corrections from C06; D0 excludes #418 unless dependency evidence requires it; preserve observer/dashboard; main-to-canary migration chain and exact EA include closure bound",D0 memiliki manifest gabungan sendiri; projection #418 tidak otomatis menjadi dependency D0.,Exact target/artifact/account binding; final SHADOW receipts; scoped canary trace; independent orders/deals/positions/history reconciliation,BLOCKED,NOT_EXECUTED_THIS_REVIEW
E04,P4,Validation owner,E03; C04,Repo-native required checks run on exact combined SHA with true exit codes; disposable PG fresh/supported upgrade and rollback-boundary tests; idempotency/claim/report/attestation/kill/fault tests pass; full required suite remains required,"Fresh DB dan supported upgrade dari head nyata diuji; assertion failure, schema conflict atau required skip menggagalkan gate.",Exact target/artifact/account binding; final SHADOW receipts; scoped canary trace; independent orders/deals/positions/history reconciliation,BLOCKED,NOT_EXECUTED_THIS_REVIEW
E05,P4,MT5 build owner,E03,Compile both exact EA artifacts with full include closure and record MetaEditor build/error/warning output plus executable hashes; compiler success alone is not HTTP/broker acceptance,"Compile exact EA include closure; nol error, seluruh warning memiliki disposition sesuai gate repo; hash binary tercatat.",Exact target/artifact/account binding; final SHADOW receipts; scoped canary trace; independent orders/deals/positions/history reconciliation,BLOCKED,NOT_EXECUTED_THIS_REVIEW
E06,P4,MT5/account operator,E02,Read actual target account/server/DEMO/session/spec/governance plus independent reader identity/coverage; inventory applied DB head with read-only access; no secrets copied into evidence,Read-only binding account/server/DEMO/spec dan independent reader dibuktikan; jangan menyalin secret ke receipt.,Exact target/artifact/account binding; final SHADOW receipts; scoped canary trace; independent orders/deals/positions/history reconciliation,BLOCKED,NOT_EXECUTED_THIS_REVIEW
D01,P4,Database release operator,E04; E05; E06,Observed applied head matches release precondition; compatible tested migration applied by one migration owner with backup/recovery evidence; schema checks satisfy exact D0 binary; unknown ledger prevents destructive downgrade,Satu migration owner; applied schema sesuai manifest; backup/recovery evidence; pertahankan history dan unknown ledger.,Exact target/artifact/account binding; final SHADOW receipts; scoped canary trace; independent orders/deals/positions/history reconciliation,BLOCKED,NOT_EXECUTED_THIS_REVIEW
E07,P4,Deployment operator,E04; E05; E06; D01,Explicit target project/services/config/schema/images/EA bytes match release manifest; exactly one broker-capable executor and intended lifecycle owner; keep new-risk disarmed until rehearsal,Image/config/schema/EA aktual cocok per service UUID; single ownership dibuktikan pada target.,Exact target/artifact/account binding; final SHADOW receipts; scoped canary trace; independent orders/deals/positions/history reconciliation,BLOCKED,NOT_EXECUTED_THIS_REVIEW
E08,P4,Acceptance operator,E07,Final-artifact HTTPS poll/claim/report and restart/corrupt-state/network failure rehearsal; zero broker submits; fresh independent account proof; no stale source PASS transferred,HTTPS poll/claim/report dan fault rehearsal pada artifact final; zero broker submit; inventory independen tetap tersedia.,Exact target/artifact/account binding; final SHADOW receipts; scoped canary trace; independent orders/deals/positions/history reconciliation,BLOCKED,NOT_EXECUTED_THIS_REVIEW
E09,P4,DEMO operator,E08,One explicitly scoped engineering DEMO request permits maximum one logical submit/effect according to canary contract; independent broker outcome reconciled; ambiguity retains block and never retries blindly,"Record CANARY_OUTCOME_RECONCILED dan BROKER_FILL_PROVEN secara terpisah. Rejection/no-fill yang jelas dapat menutup uji outcome, tetapi tidak membuktikan fill. Satu logical submit bukan satu deal.",Exact target/artifact/account binding; final SHADOW receipts; scoped canary trace; independent orders/deals/positions/history reconciliation,BLOCKED,NOT_EXECUTED_THIS_REVIEW
N01,P3,Trade ledger maintainer,R03; E02,One immutable FinalSignal/reservation -> one deterministic command; payload conflict rejects; snapshot supersession yields auditable reauthorization; command publication never releases exposure; final builder persists only after both valid L12 strategy verdict with mandatory post-verdict gates and separate account/exposure/final-size risk approval; journal and enrichment cannot override either authority; current runtime L12 wiring remains unverified until traced,Same intent/same bytes idempotent; same ID/different payload ditolak. Outbox delivery tidak menjadi approval risiko baru.,Combined source/schema/EA manifest; DB transaction/race/fault receipts; wire vectors; MetaEditor output; negative sink counters,BLOCKED,NOT_EXECUTED_THIS_REVIEW
N02,P3,EA maintainer,R03; E01,Reuse shared wire/journal with explicit natural source/action allowlist; exact lot/protection/expiry; selected market and limit/cancel strategy modes; persistent marker and no residual resubmit; SHADOW cannot trade,Python/MQL5 contract vectors cocok; EA hanya menjalankan keputusan terikat; SHADOW dan invalid signature/account/expiry menghasilkan zero submit.,Combined source/schema/EA manifest; DB transaction/race/fault receipts; wire vectors; MetaEditor output; negative sink counters,BLOCKED,NOT_EXECUTED_THIS_REVIEW
N03,P3,Integration maintainer,N01; N02; E03; S04; S05,Converge strategy/risk/EA with reviewed #418 only where selected; preserve observer/projection consumer boundaries; resolve protocol and two-head migration graph additively unless applied history proves alternative safe,"Combined commit nyata, protokol kompatibel, migration target converged dan jelas; riwayat applied migration tidak ditulis ulang.",Combined source/schema/EA manifest; DB transaction/race/fault receipts; wire vectors; MetaEditor output; negative sink counters,BLOCKED,NOT_EXECUTED_THIS_REVIEW
N04,P3,Validation owner,N03; S06; C04,"Full required gates, exact EA compile and disposable schema upgrades; race capacity, partial-fill/cancel/out-of-order/unknown/revocation tests; complete natural lineages and negative zero-sink effects","PASS pada source/schema/config/policy/EA gabungan natural, termasuk recovery unknown dan partial fill. D0 PASS tidak menggantikan natural gates.",Combined source/schema/EA manifest; DB transaction/race/fault receipts; wire vectors; MetaEditor output; negative sink counters,BLOCKED,NOT_EXECUTED_THIS_REVIEW
D02,P5,Database release operator,N04; E09,Observed heads and data compatible with tested additive convergence migration; projection fields remain nullable for non-projection rows; preserve SHADOW/canary/observer history and bind schema to natural artifact,Natural schema diterapkan dari observed target head; compatibility SHADOW/canary/history dipertahankan.,Natural episode lineage; parent and child release receipts; independent broker lifecycle; next-campaign risk basis,BLOCKED,NOT_EXECUTED_THIS_REVIEW
N05,P5,Deployment operator,N04; E09; D02,Deploy selected natural source/schema/config/EA profile to existing target and repeat final SHADOW; verify one account/executor owner and selected policy; no automatic reuse of old D0 SHA PASS,Final SHADOW diulang pada artifact natural aktual; tidak mewarisi deployment PASS D0.,Natural episode lineage; parent and child release receipts; independent broker lifecycle; next-campaign risk basis,BLOCKED,NOT_EXECUTED_THIS_REVIEW
N06,P5,DEMO campaign operator,N05,Real canonical natural event -> full structure -> current risk -> FinalSignal -> broker parent outcome; WAIT/advisory/stale zero new-risk command; one-account/instrument/cap/time window explicit; full TP1/SL lifecycle and no-fill counted honestly,"Bukti positif natural parent dan lifecycle protection/closure wajib; belum ada sinyal/no-fill dilaporkan NOT_OBSERVED, bukan sukses eksekusi.",Natural episode lineage; parent and child release receipts; independent broker lifecycle; next-campaign risk basis,BLOCKED,NOT_EXECUTED_THIS_REVIEW
N07,P5,Risk/strategy maintainer,R02; S04,"Preserve selected profile; immutable campaign R from realized balance, current account caps; explicit broker-proved release semantics, lifetime one-child slot, parent/child partial-fill and close recovery; no BE/trailing invented","Child independent proof, lifetime slot dan risk-release mengikuti SSOT/profile; floating profit dengan static SL tidak dianggap release.",Natural episode lineage; parent and child release receipts; independent broker lifecycle; next-campaign risk basis,BLOCKED,NOT_EXECUTED_THIS_REVIEW
J01,P5,Child integration and validation owner,N07; N04; C04,"Freeze a real child-capable combined commit/tree after N07; bind policy/schema/config and both EA include closures; run required clean-runner, disposable PG migrations, child/parent replay, concurrency/recovery and MetaEditor gates on these exact child bytes; parent N04 PASS is context only and cannot satisfy this acceptance","Child bytes diuji sendiri termasuk replay, migrations, race, recovery dan MetaEditor; parent PASS bukan bukti child.",Natural episode lineage; parent and child release receipts; independent broker lifecycle; next-campaign risk basis,BLOCKED,NOT_EXECUTED_THIS_REVIEW
J02,P5,Database release operator,J01; N06,"Inspect current target schema/ledger and apply only tested child migration under single migration owner; if no migration is needed, record verified compatible no-op against child schema digest; preserve parent/child/canary/observer histories and unresolved exposure",Migration child atau compatible no-op mempunyai bukti schema binding; riwayat dan unresolved exposure dipertahankan.,Natural episode lineage; parent and child release receipts; independent broker lifecycle; next-campaign risk basis,BLOCKED,NOT_EXECUTED_THIS_REVIEW
J03,P5,Deployment operator,J01; J02,Deploy only the exact J01 child source/image/config/policy/EA closure with J02 schema binding; inspect effective existing service UUIDs/ownership and repeat child-capable final SHADOW with zero broker submits; parent deployment/PASS never stands in for changed artifact parity,Child release parity dan final SHADOW dibuktikan pada image/config/schema/policy/EA baru.,Natural episode lineage; parent and child release receipts; independent broker lifecycle; next-campaign risk basis,BLOCKED,NOT_EXECUTED_THIS_REVIEW
N08,P5,DEMO campaign operator,N06; J03,Run only scoped child-capable broker campaign on exact J01/J02/J03 release; independently reconcile parent+one child and next-campaign compounding; lifetime slot persists after close; unknown retains exposure; no parent-only PASS reused for child capability,"Parent+child alami, lifecycle kedua leg, slot tetap consumed setelah close, dan compounding campaign berikutnya terbukti independen.",Natural episode lineage; parent and child release receipts; independent broker lifecycle; next-campaign risk basis,BLOCKED,NOT_EXECUTED_THIS_REVIEW
O01,P6,Operations owner,N08,"Bound DEMO soak/fault drills cover disconnect/restart/kill and service loss; no orphan exposure or silent backlog; measure stale ratios, lag, resource bounds and recovery; retain protected positions and reconciliation; no spontaneous close-all","Soak/fault drill mengukur source freshness, queue lag, latency, recovery/resource; SLO/window harus ditetapkan sebelum dinilai.",Preregistered evaluation/SLO manifest; OOS and DEMO measurements; fault/recovery receipts; residual-risk decision dossier,BLOCKED,NOT_EXECUTED_THIS_REVIEW
O02,P6,Research evaluation owner,S06; C04,"Predefined OOS/walk-forward cohorts with availability/cost/strategy/risk digests; campaign-clustered outcomes, drawdown/uncertainty/no-fill/ambiguous counts reported; no invented 94% target and no profitability inferred from D0",OOS/walk-forward cohort dibekukan; biaya/no-fill/unknown/campaign clustering dilaporkan; threshold tidak dipilih setelah hasil.,Preregistered evaluation/SLO manifest; OOS and DEMO measurements; fault/recovery receipts; residual-risk decision dossier,BLOCKED,NOT_EXECUTED_THIS_REVIEW
O03,P6,Release reviewer,O01; O02; C05,Assemble exact artifact/account/policy operational and strategy evidence plus unresolved risks; report READY_FOR_REVIEW or HOLD with objective reasons; dossier itself never enables REAL or sends orders,Dossier lengkap boleh berakhir HOLD. REAL_REVIEW_DONE tidak sama dengan REAL_READY atau REAL_ACTIVE.,Preregistered evaluation/SLO manifest; OOS and DEMO measurements; fault/recovery receipts; residual-risk decision dossier,NOT_EXECUTED,NOT_EXECUTED_THIS_REVIEW
